{
    "baseColour": [
        1.2581433057785034,
        0.0992547869682312,
        0.19302847981452942,
        9.90384578704834,
        0.2739361822605133,
        23.409090042114258,
        4.175675868988037,
        33.58695602416992,
        10.880281448364258,
        2.475961446762085,
        193.125,
        1.5327380895614624,
        0.4568302631378174,
        0.35797035694122314,
        6.659482955932617,
        7.152777671813965,
        6.491596698760986,
        154.5,
        7.427884578704834,
        1.7477375268936157,
        32.1875,
        22.72058868408203,
        2.376923084259033,
        64.375,
        10.03246784210205,
        0.5357142686843872,
        48.28125,
        5.150000095367432,
        2.2720587253570557,
        1.8525179624557495,
        4.739264011383057,
        0.5223124027252197,
        0.5983733534812927,
        0.3899545669555664,
        33.58695602416992,
        16.43617057800293,
        48.28125,
        0.912042498588562,
        5.291095733642578,
        3.102409601211548,
        8.67977523803711,
        96.5625,
        8.39673900604248,
        13.794642448425293,
        0.1742219179868698,
        1.2768595218658447
    ],
    "articleType": [
        3.4056928157806396,
        22.911026000976562,
        0.448436439037323,
        3.3160693645477295,
        22.911026000976562,
        14.82478141784668,
        63.00531768798828,
        0.3818504214286804,
        36.0030403137207,
        63.00531768798828,
        252.02127075195312,
        21.001773834228516,
        5.860960006713867,
        0.6512177586555481,
        5.0404253005981445,
        0.3700752854347229,
        7.200607776641846,
        1.9386252164840698,
        1.1613883972167969,
        0.11161261051893234,
        9.000760078430176,
        63.00531768798828,
        1.0816364288330078,
        6.30053186416626,
        28.002363204956055,
        3.0364010334014893,
        252.02127075195312,
        0.8936924934387207,
        0.6774765253067017,
        3.500295400619507,
        2.9304800033569336,
        0.7875664830207825,
        63.00531768798828,
        7.41239070892334,
        4.84656286239624,
        63.00531768798828,
        126.01063537597656,
        11.455513000488281,
        0.6131904721260071,
        0.341492235660553,
        42.00354766845703,
        0.5020344257354736,
        4.131496429443359,
        6.146860599517822,
        3.360283613204956,
        15.75132942199707,
        14.001181602478027,
        0.18053099513053894,
        126.01063537597656,
        42.00354766845703,
        0.2355339080095291,
        5.362154960632324,
        1.2234042882919312,
        252.02127075195312,
        1.2414841651916504,
        0.5050526857376099,
        8.690388679504395,
        5.478723526000977,
        18.00152015686035,
        3.1113739013671875,
        126.01063537597656,
        3.500295400619507,
        0.1723811775445938,
        1.305809736251831,
        3.7615115642547607,
        1.7747976779937744,
        63.00531768798828,
        19.38625144958496,
        2.377559185028076,
        6.46208381652832,
        84.00709533691406,
        0.9693126082420349,
        4.941593647003174,
        10.957447052001953,
        126.01063537597656,
        84.00709533691406,
        28.002363204956055,
        22.911026000976562,
        252.02127075195312,
        7.637008190155029,
        7.000590801239014,
        8.129718780517578,
        42.00354766845703,
        0.9368820786476135,
        2.1914894580841064,
        50.40425491333008,
        2.2107129096984863,
        1.7501477003097534,
        8.40070915222168,
        1.9092520475387573,
        0.5060667991638184,
        16.80141830444336,
        126.01063537597656,
        2.7694644927978516,
        126.01063537597656,
        28.002363204956055,
        31.50265884399414,
        9.000760078430176,
        36.0030403137207,
        0.3485771417617798,
        0.7500633001327515,
        2.571645736694336,
        36.0030403137207,
        0.10000844299793243,
        14.82478141784668,
        252.02127075195312,
        0.579359233379364,
        42.00354766845703,
        2.495260238647461,
        0.46844103932380676,
        4.345194339752197,
        0.15480422973632812,
        9.69312572479248,
        3.4056928157806396,
        0.2996685802936554,
        12.001012802124023,
        9.000760078430176,
        1.1721919775009155,
        1.1102259159088135,
        21.001773834228516,
        84.00709533691406,
        1.1831984519958496,
        126.01063537597656,
        42.00354766845703,
        63.00531768798828,
        0.17636197805404663,
        1.0203289985656738,
        10.500886917114258,
        18.00152015686035,
        84.00709533691406,
        0.5957949757575989,
        2.2302768230438232,
        0.04392910376191139,
        1.4238489866256714,
        42.00354766845703,
        16.80141830444336,
        22.911026000976562,
        0.33873826265335083,
        0.12341884523630142,
        25.20212745666504,
        42.00354766845703
    ],
    "season": [
        0.7824507355690002,
        0.8536936640739441,
        3.862499952316284,
        0.5172112584114075,
        2.7914376258850098
    ],
    "gender": [
        10.607462882995605,
        13.773255348205566,
        0.40037181973457336,
        4.139196395874023,
        0.47758886218070984
    ]
}