{"baseColour": [0.0014006811448231881, 0.0001104995789440367, 0.00021489710717677098, 0.011025874652838942, 0.00030497100103597075, 0.026061158270346593, 0.0046487471509266895, 0.03739209664875815, 0.012112932717203345, 0.0027564686632097356, 0.21500455573035937, 0.0017063853629393601, 0.0005085855842232038, 0.00039852558986164856, 0.0074139501975986, 0.007963131693717014, 0.007227043890096113, 0.17200364458428752, 0.008269405989629207, 0.0019457425857951076, 0.035834092621726564, 0.025294653615336397, 0.0026462099166813463, 0.07166818524345313, 0.01116906783014854, 0.0005964065346195822, 0.05375113893258984, 0.0057334548194762506, 0.0025294653615336397, 0.0020623938199554855, 0.005276185416695936, 0.0005814862900077333, 0.000666164386461222, 0.00043413337855701035, 0.03739209664875815, 0.018298260062158244, 0.05375113893258984, 0.0010153698027407763, 0.005890535773434504, 0.0034538884454676203, 0.00966312610024087, 0.10750227786517969, 0.009348024162189538, 0.015357468266454241, 0.00019395990593627368, 0.0014215177238370868], "articleType": [0.0008363334633847783, 0.005626243299133963, 0.00011012219980511314, 0.0008143246880325472, 0.005626243299133963, 0.003640510370027858, 0.015472169072618397, 9.377072165223271e-05, 0.008841239470067656, 0.015472169072618397, 0.061888676290473586, 0.005157389690872799, 0.0014392715416389206, 0.00015991906018210231, 0.0012377735258094719, 9.087911349555593e-05, 0.001768247894013531, 0.00047606674069595073, 0.0002852012732279889, 2.7408625460794328e-05, 0.002210309867516914, 0.015472169072618397, 0.0002656166364398008, 0.0015472169072618398, 0.006876519587830398, 0.0007456467022948625, 0.061888676290473586, 0.00021946339110097017, 0.00016636740938299354, 0.0008595649484787998, 0.0007196357708194603, 0.00019340211340772997, 0.015472169072618397, 0.001820255185013929, 0.0011901668517398769, 0.015472169072618397, 0.030944338145236793, 0.0028131216495669814, 0.0001505807209013956, 8.385999497354145e-05, 0.010314779381745598, 0.00012328421571807487, 0.0010145684637782556, 0.0015094799095237462, 0.0008251823505396479, 0.003868042268154599, 0.003438259793915199, 4.4332862672259015e-05, 0.030944338145236793, 0.010314779381745598, 5.783988438362018e-05, 0.0013167803466058211, 0.00030043046742948343, 0.061888676290473586, 0.00030487032655405707, 0.0001240254033877226, 0.0021340922858783997, 0.0013454060063146432, 0.004420619735033828, 0.0007640577319811554, 0.030944338145236793, 0.0008595649484787998, 4.233151593055649e-05, 0.00032066671653095127, 0.0009237115864249789, 0.0004358357485244619, 0.015472169072618397, 0.0047606674069595074, 0.000583855436702581, 0.001586889135653169, 0.020629558763491197, 0.00023803337034797537, 0.0012135034566759528, 0.0026908120126292864, 0.030944338145236793, 0.020629558763491197, 0.006876519587830398, 0.005626243299133963, 0.061888676290473586, 0.0018754144330446543, 0.0017191298969575996, 0.0019964089125959223, 0.010314779381745598, 0.00023006942858912115, 0.0005381624025258573, 0.012377735258094718, 0.0005428831253550314, 0.0004297824742393999, 0.0020629558763491196, 0.0004688536082611636, 0.00012427445038247706, 0.004125911752698239, 0.030944338145236793, 0.0006800953438513582, 0.030944338145236793, 0.006876519587830398, 0.007736084536309198, 0.002210309867516914, 0.008841239470067656, 8.559982889415434e-05, 0.00018419248895974283, 0.0006315171050048325, 0.008841239470067656, 2.455899852796571e-05, 0.003640510370027858, 0.061888676290473586, 0.00014227281905855997, 0.010314779381745598, 0.0006127591711928078, 0.00011503471429456058, 0.0010670461429391999, 3.8015157426580826e-05, 0.0023803337034797537, 0.0008363334633847783, 7.358938916822067e-05, 0.0029470798233558852, 0.002210309867516914, 0.00028785430832778413, 0.00027263734048666783, 0.005157389690872799, 0.020629558763491197, 0.0002905571656829746, 0.030944338145236793, 0.010314779381745598, 0.015472169072618397, 4.330908067912777e-05, 0.000250561442471553, 0.0025786948454363996, 0.004420619735033828, 0.020629558763491197, 0.00014630892740064678, 0.0005476874008006512, 1.0787637491802961e-05, 0.0003496535383642576, 0.010314779381745598, 0.004125911752698239, 0.005626243299133963, 8.318370469149677e-05, 3.0307872816098723e-05, 0.006188867629047359, 0.010314779381745598], "season": [0.08884122633051522, 0.09693031336457295, 0.43855698845655966, 0.05872533722145912, 0.3169461346268931], "gender": [0.3608241249562641, 0.4685119451951491, 0.013619072937901917, 0.140799163494873, 0.016245693415811904]}